<?xml version="1.0" encoding="UTF-8" ?>
<rss version="2.0">

    <channel>
        <title>اندیشه های خام</title>
        <link>http://asdf.ir</link>
        <description>اندیشه های خام به قلم حمزه جوادی شکرو. یک برنامه نویس از شیراز</description>
        <lastBuildDate>Wed, 28 Jul 2021 23:24:00 +0430</lastBuildDate>
        
        <item>
            <title>کتابهایی که در سال 98 خوانده ام</title>
            <link>
                http://asdf.ir/%D8%B9%D9%85%D9%88%D9%85%DB%8C/book-list-1398.html
            </link>
            <description>
                &lt;p&gt;بیشتر وبلاگ هایی را که دنبال می کنم - مثل &lt;a href=&quot;http://foad-ansari.ir&quot;&gt;این&lt;/a&gt; - لیست کتابهایی رو که خوندن به طور سالیانه با یه معرفی کوتاه منتشر می کنن. خیلی بعیده که بشه این کارها رو رو حساب فخر فروشی و ژست کتاب خون گرفتن بزاریم. چون به نظر من خوندن کتاب نشانه ای از بالا بودن فرهنگ یا هر چیز دیگه ای که بشه بهش افتخار کرد نیست. درسته که آدم با خوندن کتاب از هد...
            </description>
            <pubDate>Sat, 14 Mar 2020 00:00:00 +0330</pubDate>
            <guid>
                http://asdf.ir/%D8%B9%D9%85%D9%88%D9%85%DB%8C/book-list-1398.html
            </guid>
        </item>
        
        <item>
            <title>آنچه زیباست و ناراحتمان میکند</title>
            <link>
                http://asdf.ir/%D8%B9%D9%85%D9%88%D9%85%DB%8C/beautiful.html
            </link>
            <description>
                &lt;blockquote&gt;
  &lt;p&gt;زیبایی چیزی نیست که در عالم بیرون به دنبال آن باشیم، بلکه حسی است که باید از درون زاده شود.&lt;/p&gt;
&lt;/blockquote&gt;

&lt;p&gt;روزی در حیاط ساختمانی دو کودک یک بازی دوست داشتنی می کردند. آنها از خودشان زبانی ویژه ساخته بودند که با آن میتوانستند با هم حرف بزنند، بدون اینکه دیگران حتی یک واژه از آن را بدانند.&lt;/p&gt;

&lt;p&gt;یکی گفت: بریف، براف! &lt;br /&gt;...
            </description>
            <pubDate>Mon, 17 Jun 2019 00:00:00 +0430</pubDate>
            <guid>
                http://asdf.ir/%D8%B9%D9%85%D9%88%D9%85%DB%8C/beautiful.html
            </guid>
        </item>
        
        <item>
            <title>تاریخ شمسی در جکیل</title>
            <link>
                http://asdf.ir/%D9%81%D9%86%DB%8C/go-to-_site.html
            </link>
            <description>
                &lt;p&gt;وقتی از پلاگین jalalidate در جکیل استفاده می کنید و هم زمان می خواید کل وب سایت یا وبلاگتون رو روی گیت هاب قرار بدید. یه مشکل پیدا میشه. منظورم از کل سایت یا وبلاگ همون پوشه ها , فایلهای مربوط به جکیل  مثل Gemfile, _post, _config.yml و … هست که به سرور گیت هاب ارسال می کنید. تو این حالت عملیات build که تبدیل کدهای و نوشته های جکیل به فایلهای استاتیک هست رو سرور گیت انجام میده. مشکلی که...
            </description>
            <pubDate>Sun, 16 Jun 2019 00:00:00 +0430</pubDate>
            <guid>
                http://asdf.ir/%D9%81%D9%86%DB%8C/go-to-_site.html
            </guid>
        </item>
        
        <item>
            <title>راه اندازی وبلاگ با جکیل</title>
            <link>
                http://asdf.ir/%D9%81%D9%86%DB%8C/weblog-with-jekyll.html
            </link>
            <description>
                &lt;p&gt;پیشتر در دوره ی اوج وبلاگها، وبلاگ  &lt;a href=&quot;http://majnoon362.blogfa.com&quot;&gt;و اما بعد …!&lt;/a&gt; رو درست کرده بودم که اونجا دلنوشته هایی رو می نوشتم. به مرور زمان و با تغییر و به روز شدن تکنولوژیها و سرویس های ارائه دهنده ی وبلاگ، تصمیم گرفتم وبلاگهای جدیدی که دوست دارم راه بندازم رو توی سرویس بلاگ دات آی آر (کاری از شرکت بیان) درست کنم. یک وب لاگ به نام &lt;a href=&qu...
            </description>
            <pubDate>Mon, 04 Feb 2019 00:00:00 +0330</pubDate>
            <guid>
                http://asdf.ir/%D9%81%D9%86%DB%8C/weblog-with-jekyll.html
            </guid>
        </item>
        
    </channel>
</rss>